Application Date,Job Url,Job Title,Company Name,Contact Email,Contact Phone Number,Resume Name
"1/7/19, 2:42 PM",http://www.linkedin.com/jobs/view/1050412345,Walnut Algorithms - Machine Learning Researcher,Walnut Algorithms,khodamoradi1992@gmail.com, +989361643465,"CV, Khodamoradi.pdf"
"12/25/18, 10:05 AM",http://www.linkedin.com/jobs/view/987273866,Machine Intelligence Engineer,Tensor Technologies,khodamoradi1992@gmail.com, +989361643465,"CV, Khodamoradi.pdf"
"12/25/18, 10:05 AM",http://www.linkedin.com/jobs/view/1005642608,Doctoral Student,Next Gate Capital,khodamoradi1992@gmail.com, +989361643465,"CV, Khodamoradi.pdf"
"12/25/18, 10:03 AM",http://www.linkedin.com/jobs/view/998945158,Principal Data Scientist,Quotacom,khodamoradi1992@gmail.com, +989361643465,"CV, Khodamoradi.pdf"
"12/25/18, 10:02 AM",http://www.linkedin.com/jobs/view/1005070570,Deep learning intern,Reexen Technology,khodamoradi1992@gmail.com, +989361643465,"CV, Khodamoradi.pdf"
